34002,AA
34004,AA
34006,AA
34007,AA
34008,AA
34020,AA
34021,AA
34022,AA
34023,AA
34024,AA
34025,AA
34030,AA
34031,AA
34032,AA
34033,AA
34034,AA
34035,AA
34036,AA
34037,AA
34038,AA
34039,AA
34041,AA
34042,AA
34050,AA
34055,AA
34058,AA
34076,AA
34078,AA
34090,AA
34091,AA
34092,AA
34093,AA
34095,AA
34098,AA
34099,AA
9001,AE
9002,AE
9003,AE
9004,AE
9005,AE
9006,AE
9007,AE
9008,AE
9009,AE
9010,AE
9011,AE
9012,AE
9013,AE
9014,AE
9020,AE
9021,AE
9028,AE
9033,AE
9034,AE
9036,AE
9038,AE
9042,AE
9046,AE
9049,AE
9051,AE
9053,AE
9054,AE
9055,AE
9056,AE
9058,AE
9059,AE
9060,AE
9063,AE
9067,AE
9068,AE
9069,AE
9075,AE
9079,AE
9080,AE
9081,AE
9086,AE
9088,AE
9090,AE
9092,AE
9094,AE
9095,AE
9096,AE
9099,AE
9100,AE
9102,AE
9103,AE
9104,AE
9107,AE
9110,AE
9112,AE
9114,AE
9123,AE
9126,AE
9128,AE
9131,AE
9136,AE
9137,AE
9138,AE
9139,AE
9140,AE
9142,AE
9143,AE
9154,AE
9166,AE
9172,AE
9173,AE
9175,AE
9177,AE
9180,AE
9185,AE
9186,AE
9201,AE
9211,AE
9212,AE
9213,AE
9214,AE
9226,AE
9227,AE
9229,AE
9237,AE
9245,AE
9250,AE
9261,AE
9262,AE
9263,AE
9264,AE
9265,AE
9266,AE
9267,AE
9301,AE
9302,AE
9304,AE
9305,AE
9306,AE
9307,AE
9308,AE
9309,AE
9310,AE
9311,AE
9312,AE
9313,AE
9314,AE
9315,AE
9316,AE
9317,AE
9318,AE
9320,AE
9321,AE
9322,AE
9324,AE
9327,AE
9330,AE
9331,AE
9332,AE
9333,AE
9334,AE
9336,AE
9337,AE
9338,AE
9339,AE
9340,AE
9342,AE
9343,AE
9344,AE
9348,AE
9350,AE
9351,AE
9353,AE
9354,AE
9355,AE
9356,AE
9357,AE
9359,AE
9360,AE
9361,AE
9362,AE
9363,AE
9364,AE
9365,AE
9366,AE
9367,AE
9369,AE
9370,AE
9371,AE
9372,AE
9373,AE
9374,AE
9375,AE
9376,AE
9377,AE
9378,AE
9381,AE
9387,AE
9388,AE
9389,AE
9391,AE
9393,AE
9396,AE
9402,AE
9409,AE
9421,AE
9447,AE
9454,AE
9456,AE
9459,AE
9461,AE
9463,AE
9464,AE
9468,AE
9469,AE
9470,AE
9494,AE
9496,AE
9498,AE
9501,AE
9502,AE
9503,AE
9504,AE
9505,AE
9506,AE
9507,AE
9508,AE
9509,AE
9510,AE
9511,AE
9513,AE
9517,AE
9524,AE
9532,AE
9534,AE
9543,AE
9545,AE
9549,AE
9550,AE
9554,AE
9556,AE
9557,AE
9564,AE
9565,AE
9566,AE
9567,AE
9568,AE
9569,AE
9570,AE
9573,AE
9574,AE
9575,AE
9576,AE
9577,AE
9578,AE
9579,AE
9581,AE
9582,AE
9586,AE
9587,AE
9588,AE
9589,AE
9590,AE
9591,AE
9593,AE
9594,AE
9596,AE
9599,AE
9601,AE
9602,AE
9603,AE
9604,AE
9605,AE
9606,AE
9607,AE
9609,AE
9610,AE
9613,AE
9617,AE
9618,AE
9620,AE
9621,AE
9622,AE
9623,AE
9624,AE
9625,AE
9626,AE
9627,AE
9630,AE
9631,AE
9636,AE
9642,AE
9643,AE
9645,AE
9647,AE
9648,AE
9649,AE
9701,AE
9702,AE
9703,AE
9704,AE
9705,AE
9706,AE
9707,AE
9708,AE
9709,AE
9710,AE
9711,AE
9713,AE
9714,AE
9715,AE
9716,AE
9717,AE
9718,AE
9719,AE
9720,AE
9721,AE
9722,AE
9723,AE
9724,AE
9726,AE
9727,AE
9729,AE
9730,AE
9731,AE
9732,AE
9733,AE
9734,AE
9735,AE
9736,AE
9737,AE
9738,AE
9739,AE
9741,AE
9742,AE
9743,AE
9744,AE
9745,AE
9746,AE
9747,AE
9748,AE
9749,AE
9750,AE
9751,AE
9752,AE
9753,AE
9754,AE
9755,AE
9756,AE
9757,AE
9758,AE
9759,AE
9769,AE
9777,AE
9780,AE
9801,AE
9803,AE
9804,AE
9805,AE
9806,AE
9807,AE
9808,AE
9809,AE
9811,AE
9812,AE
9814,AE
9815,AE
9817,AE
9819,AE
9821,AE
9822,AE
9823,AE
9824,AE
9825,AE
9827,AE
9828,AE
9830,AE
9831,AE
9832,AE
9833,AE
9834,AE
9835,AE
9836,AE
9837,AE
9838,AE
9839,AE
9840,AE
9841,AE
9842,AE
9843,AE
9844,AE
9852,AE
9853,AE
9855,AE
9858,AE
9865,AE
9868,AE
9870,AE
9880,AE
9890,AE
9892,AE
9898,AE
99501,AK
99502,AK
99503,AK
99504,AK
99505,AK
99506,AK
99507,AK
99508,AK
99509,AK
99510,AK
99511,AK
99513,AK
99514,AK
99515,AK
99516,AK
99517,AK
99518,AK
99519,AK
99520,AK
99521,AK
99522,AK
99523,AK
99524,AK
99529,AK
99530,AK
99540,AK
99545,AK
99546,AK
99547,AK
99548,AK
99549,AK
99550,AK
99551,AK
99552,AK
99553,AK
99554,AK
99555,AK
99556,AK
99557,AK
99558,AK
99559,AK
99561,AK
99563,AK
99564,AK
99565,AK
99566,AK
99567,AK
99568,AK
99569,AK
99571,AK
99572,AK
99573,AK
99574,AK
99575,AK
99576,AK
99577,AK
99578,AK
99579,AK
99580,AK
99581,AK
99583,AK
99585,AK
99586,AK
99587,AK
99588,AK
99589,AK
99590,AK
99591,AK
99599,AK
99602,AK
99603,AK
99604,AK
99605,AK
99606,AK
99607,AK
99608,AK
99609,AK
99610,AK
99611,AK
99612,AK
99613,AK
99614,AK
99615,AK
99619,AK
99620,AK
99621,AK
99622,AK
99624,AK
99625,AK
99626,AK
99627,AK
99628,AK
99629,AK
99630,AK
99631,AK
99632,AK
99633,AK
99634,AK
99635,AK
99636,AK
99637,AK
99638,AK
99639,AK
99640,AK
99641,AK
99643,AK
99644,AK
99645,AK
99647,AK
99648,AK
99649,AK
99650,AK
99651,AK
99652,AK
99653,AK
99654,AK
99655,AK
99656,AK
99657,AK
99658,AK
99659,AK
99660,AK
99661,AK
99662,AK
99663,AK
99664,AK
99665,AK
99666,AK
99667,AK
99668,AK
99669,AK
99670,AK
99671,AK
99672,AK
99674,AK
99675,AK
99676,AK
99677,AK
99678,AK
99679,AK
99680,AK
99681,AK
99682,AK
99683,AK
99684,AK
99685,AK
99686,AK
99687,AK
99688,AK
99689,AK
99690,AK
99691,AK
99692,AK
99693,AK
99694,AK
99695,AK
99697,AK
99701,AK
99702,AK
99703,AK
99704,AK
99705,AK
99706,AK
99707,AK
99708,AK
99709,AK
99710,AK
99711,AK
99712,AK
99714,AK
99716,AK
99720,AK
99721,AK
99722,AK
99723,AK
99724,AK
99725,AK
99726,AK
99727,AK
99729,AK
99730,AK
99731,AK
99732,AK
99733,AK
99734,AK
99736,AK
99737,AK
99738,AK
99739,AK
99740,AK
99741,AK
99742,AK
99743,AK
99744,AK
99745,AK
99746,AK
99747,AK
99748,AK
99749,AK
99750,AK
99751,AK
99752,AK
99753,AK
99754,AK
99755,AK
99756,AK
99757,AK
99758,AK
99759,AK
99760,AK
99761,AK
99762,AK
99763,AK
99764,AK
99765,AK
99766,AK
99767,AK
99768,AK
99769,AK
99770,AK
99771,AK
99772,AK
99773,AK
99774,AK
99775,AK
99776,AK
99777,AK
99778,AK
99780,AK
99781,AK
99782,AK
99783,AK
99784,AK
99785,AK
99786,AK
99788,AK
99789,AK
99790,AK
99791,AK
99801,AK
99802,AK
99803,AK
99811,AK
99812,AK
99820,AK
99821,AK
99824,AK
99825,AK
99826,AK
99827,AK
99829,AK
99830,AK
99832,AK
99833,AK
99835,AK
99836,AK
99840,AK
99841,AK
99850,AK
99901,AK
99903,AK
99918,AK
99919,AK
99921,AK
99922,AK
99923,AK
99925,AK
99926,AK
99927,AK
99928,AK
99929,AK
99950,AK
35004,AL
35005,AL
35006,AL
35007,AL
35010,AL
35011,AL
35013,AL
35014,AL
35015,AL
35016,AL
35019,AL
35020,AL
35021,AL
35022,AL
35023,AL
35031,AL
35032,AL
35033,AL
35034,AL
35035,AL
35036,AL
35038,AL
35040,AL
35041,AL
35042,AL
35043,AL
35044,AL
35045,AL
35046,AL
35048,AL
35049,AL
35051,AL
35052,AL
35053,AL
35054,AL
35055,AL
35056,AL
35057,AL
35058,AL
35060,AL
35061,AL
35062,AL
35063,AL
35064,AL
35068,AL
35070,AL
35071,AL
35072,AL
35073,AL
35074,AL
35077,AL
35078,AL
35079,AL
35080,AL
35082,AL
35083,AL
35085,AL
35087,AL
35089,AL
35091,AL
35094,AL
35096,AL
35097,AL
35098,AL
35111,AL
35112,AL
35114,AL
35115,AL
35116,AL
35117,AL
35118,AL
35119,AL
35120,AL
35121,AL
35123,AL
35124,AL
35125,AL
35126,AL
35127,AL
35128,AL
35130,AL
35131,AL
35133,AL
35135,AL
35136,AL
35137,AL
35139,AL
35142,AL
35143,AL
35144,AL
35146,AL
35147,AL
35148,AL
35149,AL
35150,AL
35151,AL
35160,AL
35161,AL
35171,AL
35172,AL
35173,AL
35175,AL
35176,AL
35178,AL
35179,AL
35180,AL
35181,AL
35182,AL
35183,AL
35184,AL
35185,AL
35186,AL
35187,AL
35188,AL
35201,AL
35202,AL
35203,AL
35204,AL
35205,AL
35206,AL
35207,AL
35208,AL
35209,AL
35210,AL
35211,AL
35212,AL
35213,AL
35214,AL
35215,AL
35216,AL
35217,AL
35218,AL
35219,AL
35220,AL
35221,AL
35222,AL
35223,AL
35224,AL
35226,AL
35228,AL
35229,AL
35231,AL
35232,AL
35233,AL
35234,AL
35235,AL
35236,AL
35237,AL
35238,AL
35242,AL
35243,AL
35244,AL
35246,AL
35249,AL
35253,AL
35254,AL
35255,AL
35259,AL
35260,AL
35261,AL
35266,AL
35282,AL
35283,AL
35285,AL
35287,AL
35288,AL
35290,AL
35291,AL
35292,AL
35293,AL
35294,AL
35295,AL
35296,AL
35297,AL
35298,AL
35401,AL
35402,AL
35403,AL
35404,AL
35405,AL
35406,AL
35407,AL
35440,AL
35441,AL
35442,AL
35443,AL
35444,AL
35446,AL
35447,AL
35448,AL
35449,AL
35452,AL
35453,AL
35456,AL
35457,AL
35458,AL
35459,AL
35460,AL
35461,AL
35462,AL
35463,AL
35464,AL
35466,AL
35468,AL
35469,AL
35470,AL
35471,AL
35473,AL
35474,AL
35475,AL
35476,AL
35477,AL
35478,AL
35480,AL
35481,AL
35482,AL
35485,AL
35486,AL
35487,AL
35490,AL
35491,AL
35501,AL
35502,AL
35503,AL
35504,AL
35540,AL
35541,AL
35542,AL
35543,AL
35544,AL
35545,AL
35546,AL
35548,AL
35549,AL
35550,AL
35551,AL
35552,AL
35553,AL
35554,AL
35555,AL
35559,AL
35560,AL
35563,AL
35564,AL
35565,AL
35570,AL
35571,AL
35572,AL
35573,AL
35574,AL
35575,AL
35576,AL
35577,AL
35578,AL
35579,AL
35580,AL
35581,AL
35582,AL
35584,AL
35585,AL
35586,AL
35587,AL
35592,AL
35593,AL
35594,AL
35601,AL
35602,AL
35603,AL
35609,AL
35610,AL
35611,AL
35612,AL
35613,AL
35614,AL
35615,AL
35616,AL
35617,AL
35618,AL
35619,AL
35620,AL
35621,AL
35622,AL
35630,AL
35631,AL
35632,AL
35633,AL
35634,AL
35640,AL
35643,AL
35645,AL
35646,AL
35647,AL
35648,AL
35649,AL
35650,AL
35651,AL
35652,AL
35653,AL
35654,AL
35660,AL
35661,AL
35662,AL
35670,AL
35671,AL
35672,AL
35673,AL
35674,AL
35677,AL
35699,AL
35739,AL
35740,AL
35741,AL
35742,AL
35744,AL
35745,AL
35746,AL
35747,AL
35748,AL
35749,AL
35750,AL
35751,AL
35752,AL
35754,AL
35755,AL
35756,AL
35757,AL
35758,AL
35759,AL
35760,AL
35761,AL
35762,AL
35763,AL
35764,AL
35765,AL
35766,AL
35767,AL
35768,AL
35769,AL
35771,AL
35772,AL
35773,AL
35774,AL
35775,AL
35776,AL
35801,AL
35802,AL
35803,AL
35804,AL
35805,AL
35806,AL
35807,AL
35808,AL
35809,AL
35810,AL
35811,AL
35812,AL
35813,AL
35814,AL
35815,AL
35816,AL
35824,AL
35893,AL
35894,AL
35895,AL
35896,AL
35897,AL
35898,AL
35899,AL
35901,AL
35902,AL
35903,AL
35904,AL
35905,AL
35906,AL
35907,AL
35950,AL
35951,AL
35952,AL
35953,AL
35954,AL
35956,AL
35957,AL
35958,AL
35959,AL
35960,AL
35961,AL
35962,AL
35963,AL
35964,AL
35966,AL
35967,AL
35968,AL
35971,AL
35972,AL
35973,AL
35974,AL
35975,AL
35976,AL
35978,AL
35979,AL
35980,AL
35981,AL
35983,AL
35984,AL
35986,AL
35987,AL
35988,AL
35989,AL
35990,AL
36003,AL
36005,AL
36006,AL
36008,AL
36009,AL
36010,AL
36013,AL
36015,AL
36016,AL
36017,AL
36020,AL
36022,AL
36023,AL
36024,AL
36025,AL
36026,AL
36027,AL
36028,AL
36029,AL
36030,AL
36031,AL
36032,AL
36033,AL
36034,AL
36035,AL
36036,AL
36037,AL
36038,AL
36039,AL
36040,AL
36041,AL
36042,AL
36043,AL
36045,AL
36046,AL
36047,AL
36048,AL
36049,AL
36051,AL
36052,AL
36053,AL
36054,AL
36057,AL
36061,AL
36062,AL
36064,AL
36065,AL
36066,AL
36067,AL
36068,AL
36069,AL
36071,AL
36072,AL
36075,AL
36078,AL
36079,AL
36080,AL
36081,AL
36082,AL
36083,AL
36087,AL
36088,AL
36089,AL
36091,AL
36092,AL
36093,AL
36101,AL
36102,AL
36103,AL
36104,AL
36105,AL
36106,AL
36107,AL
36108,AL
36109,AL
36110,AL
36111,AL
36112,AL
36113,AL
36114,AL
36115,AL
36116,AL
36117,AL
36118,AL
36119,AL
36120,AL
36121,AL
36123,AL
36124,AL
36125,AL
36130,AL
36131,AL
36132,AL
36133,AL
36134,AL
36135,AL
36140,AL
36141,AL
36142,AL
36177,AL
36191,AL
36201,AL
36202,AL
36203,AL
36204,AL
36205,AL
36206,AL
36207,AL
36210,AL
36250,AL
36251,AL
36253,AL
36254,AL
36255,AL
36256,AL
36257,AL
36258,AL
36260,AL
36261,AL
36262,AL
36263,AL
36264,AL
36265,AL
36266,AL
36267,AL
36268,AL
36269,AL
36271,AL
36272,AL
36273,AL
36274,AL
36275,AL
36276,AL
36277,AL
36278,AL
36279,AL
36280,AL
36301,AL
36302,AL
36303,AL
36304,AL
36305,AL
36310,AL
36311,AL
36312,AL
36313,AL
36314,AL
36316,AL
36317,AL
36318,AL
36319,AL
36320,AL
36321,AL
36322,AL
36323,AL
36330,AL
36331,AL
36340,AL
36343,AL
36344,AL
36345,AL
36346,AL
36349,AL
36350,AL
36351,AL
36352,AL
36353,AL
36360,AL
36361,AL
36362,AL
36370,AL
36371,AL
36373,AL
36374,AL
36375,AL
36376,AL
36401,AL
36420,AL
36421,AL
36425,AL
36426,AL
36427,AL
36429,AL
36432,AL
36435,AL
36436,AL
36439,AL
36441,AL
36442,AL
36444,AL
36445,AL
36446,AL
36449,AL
36451,AL
36453,AL
36454,AL
36455,AL
36456,AL
36457,AL
36458,AL
36460,AL
36461,AL
36462,AL
36467,AL
36470,AL
36471,AL
36473,AL
36474,AL
36475,AL
36476,AL
36477,AL
36480,AL
36481,AL
36482,AL
36483,AL
36501,AL
36502,AL
36503,AL
36504,AL
36505,AL
36507,AL
36509,AL
36511,AL
36512,AL
36513,AL
36515,AL
36518,AL
36521,AL
36522,AL
36523,AL
36524,AL
36525,AL
36526,AL
36527,AL
36528,AL
36529,AL
36530,AL
36532,AL
36533,AL
36535,AL
36536,AL
36538,AL
36539,AL
36540,AL
36541,AL
36542,AL
36543,AL
36544,AL
36545,AL
36547,AL
36548,AL
36549,AL
36550,AL
36551,AL
36553,AL
36555,AL
36556,AL
36558,AL
36559,AL
36560,AL
36561,AL
36562,AL
36564,AL
36567,AL
36568,AL
36569,AL
36571,AL
36572,AL
36574,AL
36575,AL
36576,AL
36577,AL
36578,AL
36579,AL
36580,AL
36581,AL
36582,AL
36583,AL
36584,AL
36585,AL
36587,AL
36590,AL
36601,AL
36602,AL
36603,AL
36604,AL
36605,AL
36606,AL
36607,AL
36608,AL
36609,AL
36610,AL
36611,AL
36612,AL
36613,AL
36615,AL
36616,AL
36617,AL
36618,AL
36619,AL
36625,AL
36628,AL
36630,AL
36633,AL
36640,AL
36641,AL
36644,AL
36652,AL
36660,AL
36663,AL
36670,AL
36671,AL
36675,AL
36685,AL
36688,AL
36689,AL
36691,AL
36693,AL
36695,AL
36701,AL
36702,AL
36703,AL
36720,AL
36721,AL
36722,AL
36723,AL
36726,AL
36727,AL
36728,AL
36732,AL
36736,AL
36738,AL
36740,AL
36741,AL
36742,AL
36744,AL
36745,AL
36748,AL
36749,AL
36750,AL
36751,AL
36752,AL
36753,AL
36754,AL
36756,AL
36758,AL
36759,AL
36761,AL
36762,AL
36763,AL
36764,AL
36765,AL
36766,AL
36767,AL
36768,AL
36769,AL
36773,AL
36775,AL
36776,AL
36782,AL
36783,AL
36784,AL
36785,AL
36786,AL
36790,AL
36792,AL
36793,AL
36801,AL
36802,AL
36803,AL
36804,AL
36830,AL
36831,AL
36832,AL
36849,AL
36850,AL
36851,AL
36852,AL
36853,AL
36854,AL
36855,AL
36856,AL
36858,AL
36859,AL
36860,AL
36861,AL
36862,AL
36863,AL
36865,AL
36866,AL
36867,AL
36868,AL
36869,AL
36870,AL
36871,AL
36872,AL
36874,AL
36875,AL
36877,AL
36879,AL
36901,AL
36904,AL
36907,AL
36908,AL
36910,AL
36912,AL
36913,AL
36915,AL
36916,AL
36919,AL
36921,AL
36922,AL
36925,AL
96201,AP
96202,AP
96203,AP
96204,AP
96205,AP
96206,AP
96207,AP
96209,AP
96213,AP
96214,AP
96218,AP
96224,AP
96257,AP
96258,AP
96260,AP
96262,AP
96264,AP
96266,AP
96267,AP
96269,AP
96271,AP
96275,AP
96276,AP
96278,AP
96283,AP
96284,AP
96297,AP
96303,AP
96306,AP
96309,AP
96310,AP
96311,AP
96313,AP
96319,AP
96321,AP
96322,AP
96323,AP
96326,AP
96328,AP
96330,AP
96336,AP
96337,AP
96338,AP
96339,AP
96343,AP
96346,AP
96347,AP
96348,AP
96349,AP
96350,AP
96351,AP
96362,AP
96365,AP
96367,AP
96368,AP
96370,AP
96372,AP
96373,AP
96374,AP
96375,AP
96376,AP
96377,AP
96378,AP
96379,AP
96384,AP
96386,AP
96387,AP
96388,AP
96401,AP
96426,AP
96427,AP
96447,AP
96501,AP
96503,AP
96507,AP
96510,AP
96511,AP
96515,AP
96517,AP
96518,AP
96520,AP
96521,AP
96522,AP
96530,AP
96531,AP
96532,AP
96534,AP
96535,AP
96537,AP
96538,AP
96540,AP
96541,AP
96542,AP
96543,AP
96544,AP
96546,AP
96548,AP
96549,AP
96550,AP
96551,AP
96552,AP
96553,AP
96554,AP
96555,AP
96557,AP
96562,AP
96595,AP
96598,AP
96599,AP
96601,AP
96602,AP
96603,AP
96604,AP
96605,AP
96606,AP
96607,AP
96608,AP
96609,AP
96610,AP
96611,AP
96612,AP
96613,AP
96614,AP
96615,AP
96616,AP
96617,AP
96619,AP
96620,AP
96621,AP
96622,AP
96624,AP
96628,AP
96643,AP
96650,AP
96657,AP
96660,AP
96661,AP
96662,AP
96663,AP
96664,AP
96665,AP
96666,AP
96667,AP
96668,AP
96669,AP
96670,AP
96671,AP
96672,AP
96673,AP
96674,AP
96675,AP
96677,AP
96678,AP
96679,AP
96681,AP
96682,AP
96683,AP
96686,AP
96687,AP
96698,AP
71601,AR
71602,AR
71603,AR
71611,AR
71612,AR
71613,AR
71630,AR
71631,AR
71635,AR
71638,AR
71639,AR
71640,AR
71642,AR
71643,AR
71644,AR
71646,AR
71647,AR
71651,AR
71652,AR
71653,AR
71654,AR
71655,AR
71656,AR
71657,AR
71658,AR
71659,AR
71660,AR
71661,AR
71662,AR
71663,AR
71665,AR
71666,AR
71667,AR
71670,AR
71671,AR
71674,AR
71675,AR
71676,AR
71677,AR
71678,AR
71701,AR
71711,AR
71720,AR
71721,AR
71722,AR
71724,AR
71725,AR
71726,AR
71728,AR
71730,AR
71731,AR
71740,AR
71742,AR
71743,AR
71744,AR
71745,AR
71747,AR
71748,AR
71749,AR
71750,AR
71751,AR
71752,AR
71753,AR
71754,AR
71758,AR
71759,AR
71762,AR
71763,AR
71764,AR
71765,AR
71766,AR
71768,AR
71770,AR
71772,AR
71801,AR
71802,AR
71820,AR
71822,AR
71823,AR
71825,AR
71826,AR
71827,AR
71828,AR
71831,AR
71832,AR
71833,AR
71834,AR
71835,AR
71836,AR
71837,AR
71838,AR
71839,AR
71840,AR
71841,AR
71842,AR
71845,AR
71846,AR
71847,AR
71851,AR
71852,AR
71853,AR
71854,AR
71855,AR
71857,AR
71858,AR
71859,AR
71860,AR
71861,AR
71862,AR
71864,AR
71865,AR
71866,AR
71901,AR
71902,AR
71903,AR
71909,AR
71910,AR
71913,AR
71914,AR
71920,AR
71921,AR
71922,AR
71923,AR
71929,AR
71932,AR
71933,AR
71935,AR
71937,AR
71940,AR
71941,AR
71942,AR
71943,AR
71944,AR
71945,AR
71949,AR
71950,AR
71951,AR
71952,AR
71953,AR
71956,AR
71957,AR
71958,AR
71959,AR
71960,AR
71961,AR
71962,AR
71964,AR
71965,AR
71966,AR
71968,AR
71969,AR
71970,AR
71971,AR
71972,AR
71973,AR
71998,AR
71999,AR
72001,AR
72002,AR
72003,AR
72004,AR
72005,AR
72006,AR
72007,AR
72010,AR
72011,AR
72012,AR
72013,AR
72014,AR
72015,AR
72016,AR
72017,AR
72018,AR
72019,AR
72020,AR
72021,AR
72022,AR
72023,AR
72024,AR
72025,AR
72026,AR
72027,AR
72028,AR
72029,AR
72030,AR
72031,AR
72032,AR
72033,AR
72034,AR
72035,AR
72036,AR
72037,AR
72038,AR
72039,AR
72040,AR
72041,AR
72042,AR
72043,AR
72044,AR
72045,AR
72046,AR
72047,AR
72048,AR
72051,AR
72052,AR
72053,AR
72055,AR
72057,AR
72058,AR
72059,AR
72060,AR
72061,AR
72063,AR
72064,AR
72065,AR
72066,AR
72067,AR
72068,AR
72069,AR
72070,AR
72072,AR
72073,AR
72074,AR
72075,AR
72076,AR
72078,AR
72079,AR
72080,AR
72081,AR
72082,AR
72083,AR
72084,AR
72085,AR
72086,AR
72087,AR
72088,AR
72089,AR
72099,AR
72101,AR
72102,AR
72103,AR
72104,AR
72105,AR
72106,AR
72107,AR
72108,AR
72110,AR
72111,AR
72112,AR
72113,AR
72114,AR
72115,AR
72116,AR
72117,AR
72118,AR
72119,AR
72120,AR
72121,AR
72122,AR
72123,AR
72124,AR
72125,AR
72126,AR
72127,AR
72128,AR
72129,AR
72130,AR
72131,AR
72132,AR
72133,AR
72134,AR
72135,AR
72136,AR
72137,AR
72139,AR
72140,AR
72141,AR
72142,AR
72143,AR
72145,AR
72149,AR
72150,AR
72152,AR
72153,AR
72156,AR
72157,AR
72158,AR
72160,AR
72164,AR
72165,AR
72166,AR
72167,AR
72168,AR
72169,AR
72170,AR
72173,AR
72175,AR
72176,AR
72178,AR
72179,AR
72180,AR
72181,AR
72182,AR
72183,AR
72190,AR
72198,AR
72199,AR
72201,AR
72202,AR
72203,AR
72204,AR
72205,AR
72206,AR
72207,AR
72209,AR
72210,AR
72211,AR
72212,AR
72214,AR
72215,AR
72216,AR
72217,AR
72219,AR
72221,AR
72222,AR
72223,AR
72225,AR
72227,AR
72231,AR
72260,AR
72295,AR
72301,AR
72303,AR
72310,AR
72311,AR
72312,AR
72313,AR
72315,AR
72316,AR
72319,AR
72320,AR
72321,AR
72322,AR
72324,AR
72325,AR
72326,AR
72327,AR
72328,AR
72329,AR
72330,AR
72331,AR
72332,AR
72333,AR
72335,AR
72336,AR
72338,AR
72339,AR
72340,AR
72341,AR
72342,AR
72346,AR
72347,AR
72348,AR
72350,AR
72351,AR
72352,AR
72353,AR
72354,AR
72355,AR
72358,AR
72359,AR
72360,AR
72364,AR
72365,AR
72366,AR
72367,AR
72368,AR
72369,AR
72370,AR
72372,AR
72373,AR
72374,AR
72376,AR
72377,AR
72379,AR
72383,AR
72384,AR
72386,AR
72387,AR
72389,AR
72390,AR
72391,AR
72392,AR
72394,AR
72395,AR
72396,AR
72401,AR
72402,AR
72403,AR
72404,AR
72410,AR
72411,AR
72412,AR
72413,AR
72414,AR
72415,AR
72416,AR
72417,AR
72419,AR
72421,AR
72422,AR
72424,AR
72425,AR
72426,AR
72427,AR
72428,AR
72429,AR
72430,AR
72431,AR
72432,AR
72433,AR
72434,AR
72435,AR
72436,AR
72437,AR
72438,AR
72439,AR
72440,AR
72441,AR
72442,AR
72443,AR
72444,AR
72445,AR
72447,AR
72449,AR
72450,AR
72451,AR
72453,AR
72454,AR
72455,AR
72456,AR
72457,AR
72458,AR
72459,AR
72460,AR
72461,AR
72462,AR
72464,AR
72465,AR
72466,AR
72467,AR
72469,AR
72470,AR
72471,AR
72472,AR
72473,AR
72474,AR
72475,AR
72476,AR
72478,AR
72479,AR
72482,AR
72501,AR
72503,AR
72512,AR
72513,AR
72515,AR
72517,AR
72519,AR
72520,AR
72521,AR
72522,AR
72523,AR
72524,AR
72525,AR
72526,AR
72527,AR
72528,AR
72529,AR
72530,AR
72531,AR
72532,AR
72533,AR
72534,AR
72536,AR
72537,AR
72538,AR
72539,AR
72540,AR
72542,AR
72543,AR
72544,AR
72545,AR
72546,AR
72550,AR
72553,AR
72554,AR
72555,AR
72556,AR
72560,AR
72561,AR
72562,AR
72564,AR
72565,AR
72566,AR
72567,AR
72568,AR
72569,AR
72571,AR
72572,AR
72573,AR
72575,AR
72576,AR
72577,AR
72578,AR
72579,AR
72581,AR
72583,AR
72584,AR
72585,AR
72587,AR
72601,AR
72602,AR
72611,AR
72613,AR
72615,AR
72616,AR
72617,AR
72619,AR
72623,AR
72624,AR
72626,AR
72628,AR
72629,AR
72630,AR
72631,AR
72632,AR
72633,AR
72634,AR
72635,AR
72636,AR
72638,AR
72639,AR
72640,AR
72641,AR
72642,AR
72644,AR
72645,AR
72648,AR
72650,AR
72651,AR
72653,AR
72654,AR
72655,AR
72657,AR
72658,AR
72659,AR
72660,AR
72661,AR
72662,AR
72663,AR
72666,AR
72668,AR
72669,AR
72670,AR
72672,AR
72675,AR
72677,AR
72679,AR
72680,AR
72682,AR
72683,AR
72685,AR
72686,AR
72687,AR
72701,AR
72702,AR
72703,AR
72704,AR
72711,AR
72712,AR
72714,AR
72715,AR
72716,AR
72717,AR
72718,AR
72719,AR
72721,AR
72722,AR
72727,AR
72728,AR
72729,AR
72730,AR
72732,AR
72733,AR
72734,AR
72735,AR
72736,AR
72737,AR
72738,AR
72739,AR
72740,AR
72741,AR
72742,AR
72744,AR
72745,AR
72747,AR
72749,AR
72751,AR
72752,AR
72753,AR
72756,AR
72757,AR
72758,AR
72760,AR
72761,AR
72762,AR
72764,AR
72765,AR
72766,AR
72768,AR
72769,AR
72770,AR
72773,AR
72774,AR
72776,AR
72801,AR
72802,AR
72811,AR
72812,AR
72820,AR
72821,AR
72823,AR
72824,AR
72826,AR
72827,AR
72828,AR
72829,AR
72830,AR
72832,AR
72833,AR
72834,AR
72835,AR
72837,AR
72838,AR
72839,AR
72840,AR
72841,AR
72842,AR
72843,AR
72845,AR
72846,AR
72847,AR
72851,AR
72852,AR
72853,AR
72854,AR
72855,AR
72856,AR
72857,AR
72858,AR
72860,AR
72863,AR
72865,AR
72901,AR
72902,AR
72903,AR
72904,AR
72905,AR
72906,AR
72908,AR
72913,AR
72914,AR
72916,AR
72917,AR
72918,AR
72919,AR
72921,AR
72923,AR
72926,AR
72927,AR
72928,AR
72930,AR
72932,AR
72933,AR
72934,AR
72935,AR
72936,AR
72937,AR
72938,AR
72940,AR
72941,AR
72943,AR
72944,AR
72945,AR
72946,AR
72947,AR
72948,AR
72949,AR
72950,AR
72951,AR
72952,AR
72955,AR
72956,AR
72957,AR
72958,AR
72959,AR
96799,AS
85001,AZ
85002,AZ
85003,AZ
85004,AZ
85005,AZ
85006,AZ
85007,AZ
85008,AZ
85009,AZ
85010,AZ
85011,AZ
85012,AZ
85013,AZ
85014,AZ
85015,AZ
85016,AZ
85017,AZ
85018,AZ
85019,AZ
85020,AZ
85021,AZ
85022,AZ
85023,AZ
85024,AZ
85025,AZ
85026,AZ
85027,AZ
85028,AZ
85029,AZ
85030,AZ
85031,AZ
85032,AZ
85033,AZ
85034,AZ
85035,AZ
85036,AZ
85037,AZ
85038,AZ
85039,AZ
85040,AZ
85041,AZ
85042,AZ
85043,AZ
85044,AZ
85045,AZ
85046,AZ
85048,AZ
85050,AZ
85051,AZ
85053,AZ
85054,AZ
85055,AZ
85060,AZ
85061,AZ
85062,AZ
85063,AZ
85064,AZ
85065,AZ
85066,AZ
85067,AZ
85068,AZ
85069,AZ
85070,AZ
85071,AZ
85072,AZ
85073,AZ
85074,AZ
85075,AZ
85076,AZ
85078,AZ
85079,AZ
85080,AZ
85082,AZ
85083,AZ
85085,AZ
85086,AZ
85087,AZ
85097,AZ
85098,AZ
85099,AZ
85117,AZ
85118,AZ
85119,AZ
85120,AZ
85121,AZ
85122,AZ
85123,AZ
85127,AZ
85128,AZ
85130,AZ
85131,AZ
85132,AZ
85135,AZ
85137,AZ
85138,AZ
85139,AZ
85140,AZ
85141,AZ
85142,AZ
85143,AZ
85145,AZ
85147,AZ
85172,AZ
85173,AZ
85178,AZ
85190,AZ
85191,AZ
85192,AZ
85193,AZ
85194,AZ
85201,AZ
85202,AZ
85203,AZ
85204,AZ
85205,AZ
85206,AZ
85207,AZ
85208,AZ
85209,AZ
85210,AZ
85211,AZ
85212,AZ
85213,AZ
85214,AZ
85215,AZ
85216,AZ
85217,AZ
85218,AZ
85219,AZ
85220,AZ
85221,AZ
85222,AZ
85223,AZ
85224,AZ
85225,AZ
85226,AZ
85227,AZ
85228,AZ
85230,AZ
85231,AZ
85232,AZ
85233,AZ
85234,AZ
85235,AZ
85236,AZ
85237,AZ
85238,AZ
85239,AZ
85240,AZ
85241,AZ
85242,AZ
85243,AZ
85244,AZ
85245,AZ
85246,AZ
85247,AZ
85248,AZ
85249,AZ
85250,AZ
85251,AZ
85252,AZ
85253,AZ
85254,AZ
85255,AZ
85256,AZ
85257,AZ
85258,AZ
85259,AZ
85260,AZ
85261,AZ
85262,AZ
85263,AZ
85264,AZ
85266,AZ
85267,AZ
85268,AZ
85269,AZ
85271,AZ
85272,AZ
85273,AZ
85274,AZ
85275,AZ
85277,AZ
85278,AZ
85280,AZ
85281,AZ
85282,AZ
85283,AZ
85284,AZ
85285,AZ
85286,AZ
85287,AZ
85290,AZ
85291,AZ
85292,AZ
85293,AZ
85294,AZ
85295,AZ
85296,AZ
85297,AZ
85298,AZ
85299,AZ
85301,AZ
85302,AZ
85303,AZ
85304,AZ
85305,AZ
85306,AZ
85307,AZ
85308,AZ
85309,AZ
85310,AZ
85311,AZ
85312,AZ
85318,AZ
85320,AZ
85321,AZ
85322,AZ
85323,AZ
85324,AZ
85325,AZ
85326,AZ
85327,AZ
85328,AZ
85329,AZ
85331,AZ
85332,AZ
85333,AZ
85334,AZ
85335,AZ
85336,AZ
85337,AZ
85338,AZ
85339,AZ
85340,AZ
85341,AZ
85342,AZ
85343,AZ
85344,AZ
85345,AZ
85346,AZ
85347,AZ
85348,AZ
85349,AZ
85350,AZ
85351,AZ
85352,AZ
85353,AZ
85354,AZ
85355,AZ
85356,AZ
85357,AZ
85358,AZ
85359,AZ
85360,AZ
85361,AZ
85362,AZ
85363,AZ
85364,AZ
85365,AZ
85366,AZ
85367,AZ
85369,AZ
85371,AZ
85372,AZ
85373,AZ
85374,AZ
85375,AZ
85376,AZ
85377,AZ
85378,AZ
85379,AZ
85380,AZ
85381,AZ
85382,AZ
85383,AZ
85385,AZ
85387,AZ
85388,AZ
85390,AZ
85392,AZ
85395,AZ
85396,AZ
85501,AZ
85502,AZ
85530,AZ
85531,AZ
85532,AZ
85533,AZ
85534,AZ
85535,AZ
85536,AZ
85539,AZ
85540,AZ
85541,AZ
85542,AZ
85543,AZ
85544,AZ
85545,AZ
85546,AZ
85547,AZ
85548,AZ
85550,AZ
85551,AZ
85552,AZ
85553,AZ
85554,AZ
85601,AZ
85602,AZ
85603,AZ
85605,AZ
85606,AZ
85607,AZ
85608,AZ
85609,AZ
85610,AZ
85611,AZ
85613,AZ
85614,AZ
85615,AZ
85616,AZ
85617,AZ
85618,AZ
85619,AZ
85620,AZ
85621,AZ
85622,AZ
85623,AZ
85624,AZ
85625,AZ
85626,AZ
85627,AZ
85628,AZ
85629,AZ
85630,AZ
85631,AZ
85632,AZ
85633,AZ
85634,AZ
85635,AZ
85636,AZ
85637,AZ
85638,AZ
85639,AZ
85640,AZ
85641,AZ
85643,AZ
85644,AZ
85645,AZ
85646,AZ
85648,AZ
85650,AZ
85652,AZ
85653,AZ
85654,AZ
85655,AZ
85658,AZ
85662,AZ
85670,AZ
85671,AZ
85701,AZ
85702,AZ
85703,AZ
85704,AZ
85705,AZ
85706,AZ
85707,AZ
85708,AZ
85709,AZ
85710,AZ
85711,AZ
85712,AZ
85713,AZ
85714,AZ
85715,AZ
85716,AZ
85717,AZ
85718,AZ
85719,AZ
85720,AZ
85721,AZ
85722,AZ
85723,AZ
85724,AZ
85725,AZ
85726,AZ
85728,AZ
85730,AZ
85731,AZ
85732,AZ
85733,AZ
85734,AZ
85735,AZ
85736,AZ
85737,AZ
85738,AZ
85739,AZ
85740,AZ
85741,AZ
85742,AZ
85743,AZ
85744,AZ
85745,AZ
85746,AZ
85747,AZ
85748,AZ
85749,AZ
85750,AZ
85751,AZ
85752,AZ
85754,AZ
85755,AZ
85756,AZ
85757,AZ
85775,AZ
85901,AZ
85902,AZ
85911,AZ
85912,AZ
85920,AZ
85922,AZ
85923,AZ
85924,AZ
85925,AZ
85926,AZ
85927,AZ
85928,AZ
85929,AZ
85930,AZ
85931,AZ
85932,AZ
85933,AZ
85934,AZ
85935,AZ
85936,AZ
85937,AZ
85938,AZ
85939,AZ
85940,AZ
85941,AZ
85942,AZ
86001,AZ
86002,AZ
86003,AZ
86004,AZ
86011,AZ
86015,AZ
86016,AZ
86017,AZ
86018,AZ
86020,AZ
86021,AZ
86022,AZ
86023,AZ
86024,AZ
86025,AZ
86028,AZ
86029,AZ
86030,AZ
86031,AZ
86032,AZ
86033,AZ
86034,AZ
86035,AZ
86036,AZ
86038,AZ
86039,AZ
86040,AZ
86042,AZ
86043,AZ
86044,AZ
86045,AZ
86046,AZ
86047,AZ
86052,AZ
86053,AZ
86054,AZ
86301,AZ
86302,AZ
86303,AZ
86304,AZ
86305,AZ
86312,AZ
86313,AZ
86314,AZ
86315,AZ
86320,AZ
86321,AZ
86322,AZ
86323,AZ
86324,AZ
86325,AZ
86326,AZ
86327,AZ
86329,AZ
86330,AZ
86331,AZ
86332,AZ
86333,AZ
86334,AZ
86335,AZ
86336,AZ
86337,AZ
86338,AZ
86339,AZ
86340,AZ
86341,AZ
86342,AZ
86343,AZ
86351,AZ
86401,AZ
86402,AZ
86403,AZ
86404,AZ
86405,AZ
86406,AZ
86409,AZ
86411,AZ
86412,AZ
86413,AZ
86426,AZ
86427,AZ
86429,AZ
86430,AZ
86431,AZ
86432,AZ
86433,AZ
86434,AZ
86435,AZ
86436,AZ
86437,AZ
86438,AZ
86439,AZ
86440,AZ
86441,AZ
86442,AZ
86443,AZ
86444,AZ
86445,AZ
86446,AZ
86502,AZ
86503,AZ
86504,AZ
86505,AZ
86506,AZ
86507,AZ
86508,AZ
86510,AZ
86511,AZ
86512,AZ
86514,AZ
86515,AZ
86520,AZ
86535,AZ
86538,AZ
86540,AZ
86544,AZ
86545,AZ
86547,AZ
86556,AZ
90001,CA
90002,CA
90003,CA
90004,CA
90005,CA
90006,CA
90007,CA
90008,CA
90009,CA
90010,CA
90011,CA
90012,CA
90013,CA
90014,CA
90015,CA
90016,CA
90017,CA
90018,CA
90019,CA
90020,CA
90021,CA
90022,CA
90023,CA
90024,CA
90025,CA
90026,CA
90027,CA
90028,CA
90029,CA
90030,CA
90031,CA
90032,CA
90033,CA
90034,CA
90035,CA
90036,CA
90037,CA
90038,CA
90039,CA
90040,CA
90041,CA
90042,CA
90043,CA
90044,CA
90045,CA
90046,CA
90047,CA
90048,CA
90049,CA
90050,CA
90051,CA
90052,CA
90053,CA
90054,CA
90055,CA
90056,CA
90057,CA
90058,CA
90059,CA
90060,CA
90061,CA
90062,CA
90063,CA
90064,CA
90065,CA
90066,CA
90067,CA
90068,CA
90069,CA
90070,CA
90071,CA
90072,CA
90073,CA
90074,CA
90075,CA
90076,CA
90077,CA
90078,CA
90079,CA
90080,CA
90081,CA
90082,CA
90083,CA
90084,CA
90086,CA
90087,CA
90088,CA
90089,CA
90090,CA
90091,CA
90093,CA
90094,CA
90095,CA
90096,CA
90099,CA
90101,CA
90103,CA
90189,CA
90201,CA
90202,CA
90209,CA
90210,CA
90211,CA
90212,CA
90213,CA
90220,CA
90221,CA
90222,CA
90223,CA
90224,CA
90230,CA
90231,CA
90232,CA
90233,CA
90239,CA
90240,CA
90241,CA
90242,CA
90245,CA
90247,CA
90248,CA
90249,CA
90250,CA
90251,CA
90254,CA
90255,CA
90260,CA
90261,CA
90262,CA
90263,CA
90264,CA
90265,CA
90266,CA
90267,CA
90270,CA
90272,CA
90274,CA
90275,CA
90277,CA
90278,CA
90280,CA
90290,CA
90291,CA
90292,CA
90293,CA
90294,CA
90295,CA
90296,CA
90301,CA
90302,CA
90303,CA
90304,CA
90305,CA
90306,CA
90307,CA
90308,CA
90309,CA
90310,CA
90311,CA
90312,CA
90401,CA
90402,CA
90403,CA
90404,CA
90405,CA
90406,CA
90407,CA
90408,CA
90409,CA
90410,CA
90411,CA
90501,CA
90502,CA
90503,CA
90504,CA
90505,CA
90506,CA
90507,CA
90508,CA
90509,CA
90510,CA
90601,CA
90602,CA
90603,CA
90604,CA
90605,CA
90606,CA
90607,CA
90608,CA
90609,CA
90610,CA
90620,CA
90621,CA
90622,CA
90623,CA
90624,CA
90630,CA
90631,CA
90632,CA
90633,CA
90637,CA
90638,CA
90639,CA
90640,CA
90650,CA
90651,CA
90652,CA
90660,CA
90661,CA
90662,CA
90670,CA
90671,CA
90680,CA
90701,CA
90702,CA
90703,CA
90704,CA
90706,CA
90707,CA
90710,CA
90711,CA
90712,CA
90713,CA
90714,CA
90715,CA
90716,CA
90717,CA
90720,CA
90721,CA
90723,CA
90731,CA
90732,CA
90733,CA
90734,CA
90740,CA
90742,CA
90743,CA
90744,CA
90745,CA
90746,CA
90747,CA
90748,CA
90749,CA
90755,CA
90801,CA
90802,CA
90803,CA
90804,CA
90805,CA
90806,CA
90807,CA
90808,CA
90809,CA
90810,CA
90813,CA
90814,CA
90815,CA
90822,CA
90831,CA
90832,CA
90833,CA
90834,CA
90835,CA
90840,CA
90842,CA
90844,CA
90846,CA
90847,CA
90848,CA
90853,CA
90895,CA
90899,CA
91001,CA
91003,CA
91006,CA
91007,CA
91008,CA
91009,CA
91010,CA
91011,CA
91012,CA
91016,CA
91017,CA
91020,CA
91021,CA
91023,CA
91024,CA
91025,CA
91030,CA
91031,CA
91040,CA
91041,CA
91042,CA
91043,CA
91046,CA
91066,CA
91077,CA
91101,CA
91102,CA
91103,CA
91104,CA
91105,CA
91106,CA
91107,CA
91108,CA
91109,CA
91110,CA
91114,CA
91115,CA
91116,CA
91117,CA
91118,CA
91121,CA
91123,CA
91124,CA
91125,CA
91126,CA
91129,CA
91182,CA
91184,CA
91185,CA
91188,CA
91189,CA
91199,CA
91201,CA
91202,CA
91203,CA
91204,CA
91205,CA
91206,CA
91207,CA
91208,CA
91209,CA
91210,CA
91214,CA
91221,CA
91222,CA
91224,CA
91225,CA
91226,CA
91301,CA
91302,CA
91303,CA
91304,CA
91305,CA
91306,CA
91307,CA
91308,CA
91309,CA
91310,CA
91311,CA
91313,CA
91316,CA
91319,CA
91320,CA
91321,CA
91322,CA
91324,CA
91325,CA
91326,CA
91327,CA
91328,CA
91329,CA
91330,CA
91331,CA
91333,CA
91334,CA
91335,CA
91337,CA
91340,CA
91341,CA
91342,CA
91343,CA
91344,CA
91345,CA
91346,CA
91350,CA
91351,CA
91352,CA
91353,CA
91354,CA
91355,CA
91356,CA
91357,CA
91358,CA
91359,CA
91360,CA
91361,CA
91362,CA
91364,CA
91365,CA
91367,CA
91371,CA
91372,CA
91376,CA
91377,CA
91380,CA
91381,CA
91382,CA
91383,CA
91384,CA
91385,CA
91386,CA
91387,CA
91390,CA
91392,CA
91393,CA
91394,CA
91395,CA
91396,CA
91401,CA
91402,CA
91403,CA
91404,CA
91405,CA
91406,CA
91407,CA
91408,CA
91409,CA
91410,CA
91411,CA
91412,CA
91413,CA
91416,CA
91423,CA
91426,CA
91436,CA
91470,CA
91482,CA
91495,CA
91496,CA
91499,CA
91501,CA
91502,CA
91503,CA
91504,CA
91505,CA
91506,CA
91507,CA
91508,CA
91510,CA
91521,CA
91522,CA
91523,CA
91526,CA
91601,CA
91602,CA
91603,CA
91604,CA
91605,CA
91606,CA
91607,CA
91608,CA
91609,CA
91610,CA
91611,CA
91612,CA
91614,CA
91615,CA
91616,CA
91617,CA
91618,CA
91701,CA
91702,CA
91706,CA
91708,CA
91709,CA
91710,CA
91711,CA
91714,CA
91715,CA
91716,CA
91722,CA
91723,CA
91724,CA
91729,CA
91730,CA
91731,CA
91732,CA
91733,CA
91734,CA
91735,CA
91737,CA
91739,CA
91740,CA
91741,CA
91743,CA
91744,CA
91745,CA
91746,CA
91747,CA
91748,CA
91749,CA
91750,CA
91752,CA
91754,CA
91755,CA
91756,CA
91758,CA
91759,CA
91761,CA
91762,CA
91763,CA
91764,CA
91765,CA
91766,CA
91767,CA
91768,CA
91769,CA
91770,CA
91771,CA
91772,CA
91773,CA
91775,CA
91776,CA
91778,CA
91780,CA
91784,CA
91785,CA
91786,CA
91788,CA
91789,CA
91790,CA
91791,CA
91792,CA
91793,CA
91795,CA
91797,CA
91801,CA
91802,CA
91803,CA
91804,CA
91896,CA
91899,CA
91901,CA
91902,CA
91903,CA
91905,CA
91906,CA
91908,CA
91909,CA
91910,CA
91911,CA
91912,CA
91913,CA
91914,CA
91915,CA
91916,CA
91917,CA
91921,CA
91931,CA
91932,CA
91933,CA
91934,CA
91935,CA
91941,CA
91942,CA
91943,CA
91944,CA
91945,CA
91946,CA
91947,CA
91948,CA
91950,CA
91951,CA
91962,CA
91963,CA
91976,CA
91977,CA
91978,CA
91979,CA
91980,CA
91987,CA
92003,CA
92004,CA
92007,CA
92008,CA
92009,CA
92010,CA
92011,CA
92013,CA
92014,CA
92018,CA
92019,CA
92020,CA
92021,CA
92022,CA
92023,CA
92024,CA
92025,CA
92026,CA
92027,CA
92028,CA
92029,CA
92030,CA
92033,CA
92036,CA
92037,CA
92038,CA
92039,CA
92040,CA
92046,CA
92049,CA
92051,CA
92052,CA
92054,CA
92055,CA
92056,CA
92057,CA
92058,CA
92059,CA
92060,CA
92061,CA
92064,CA
92065,CA
92066,CA
92067,CA
92068,CA
92069,CA
92070,CA
92071,CA
92072,CA
92074,CA
92075,CA
92078,CA
92079,CA
92081,CA
92082,CA
92083,CA
92084,CA
92085,CA
92086,CA
92088,CA
92090,CA
92091,CA
92092,CA
92093,CA
92096,CA
92101,CA
92102,CA
92103,CA
92104,CA
92105,CA
92106,CA
92107,CA
92108,CA
92109,CA
92110,CA
92111,CA
92112,CA
92113,CA
92114,CA
92115,CA
92116,CA
92117,CA
92118,CA
92119,CA
92120,CA
92121,CA
92122,CA
92123,CA
92124,CA
92126,CA
92127,CA
92128,CA
92129,CA
92130,CA
92131,CA
92132,CA
92134,CA
92135,CA
92136,CA
92137,CA
92138,CA
92139,CA
92140,CA
92142,CA
92143,CA
92145,CA
92147,CA
92149,CA
92150,CA
92152,CA
92153,CA
92154,CA
92155,CA
92158,CA
92159,CA
92160,CA
92161,CA
92162,CA
92163,CA
92164,CA
92165,CA
92166,CA
92167,CA
92168,CA
92169,CA
92170,CA
92171,CA
92172,CA
92173,CA
92174,CA
92175,CA
92176,CA
92177,CA
92178,CA
92179,CA
92182,CA
92184,CA
92186,CA
92187,CA
92190,CA
92191,CA
92192,CA
92193,CA
92194,CA
92195,CA
92196,CA
92197,CA
92198,CA
92199,CA
92201,CA
92202,CA
92203,CA
92210,CA
92211,CA
92220,CA
92222,CA
92223,CA
92225,CA
92226,CA
92227,CA
92230,CA
92231,CA
92232,CA
92233,CA
92234,CA
92235,CA
92236,CA
92239,CA
92240,CA
92241,CA
92242,CA
92243,CA
92244,CA
92247,CA
92248,CA
92249,CA
92250,CA
92251,CA
92252,CA
92253,CA
92254,CA
92255,CA
92256,CA
92257,CA
92258,CA
92259,CA
92260,CA
92261,CA
92262,CA
92263,CA
92264,CA
92266,CA
92267,CA
92268,CA
92270,CA
92273,CA
92274,CA
92275,CA
92276,CA
92277,CA
92278,CA
92280,CA
92281,CA
92282,CA
92283,CA
92284,CA
92285,CA
92286,CA
92292,CA
92301,CA
92304,CA
92305,CA
92307,CA
92308,CA
92309,CA
92310,CA
92311,CA
92312,CA
92313,CA
92314,CA
92315,CA
92316,CA
92317,CA
92318,CA
92320,CA
92321,CA
92322,CA
92323,CA
92324,CA
92325,CA
92326,CA
92327,CA
92328,CA
92329,CA
92331,CA
92332,CA
92333,CA
92334,CA
92335,CA
92336,CA
92337,CA
92338,CA
92339,CA
92340,CA
92341,CA
92342,CA
92344,CA
92345,CA
92346,CA
92347,CA
92350,CA
92352,CA
92354,CA
92356,CA
92357,CA
92358,CA
92359,CA
92363,CA
92364,CA
92365,CA
92366,CA
92368,CA
92369,CA
92371,CA
92372,CA
92373,CA
92374,CA
92375,CA
92376,CA
92377,CA
92378,CA
92382,CA
92384,CA
92385,CA
92386,CA
92389,CA
92391,CA
92392,CA
92393,CA
92394,CA
92395,CA
92397,CA
92398,CA
92399,CA
92401,CA
92402,CA
92403,CA
92404,CA
92405,CA
92406,CA
92407,CA
92408,CA
92410,CA
92411,CA
92412,CA
92413,CA
92414,CA
92415,CA
92418,CA
92423,CA
92424,CA
92427,CA
92501,CA
92502,CA
92503,CA
92504,CA
92505,CA
92506,CA
92507,CA
92508,CA
92509,CA
92513,CA
92514,CA
92515,CA
92516,CA
92517,CA
92518,CA
92519,CA
92521,CA
92522,CA
92530,CA
92531,CA
92532,CA
92536,CA
92539,CA
92543,CA
92544,CA
92545,CA
92546,CA
92548,CA
92549,CA
92551,CA
92552,CA
92553,CA
92554,CA
92555,CA
92556,CA
92557,CA
92561,CA
92562,CA
92563,CA
92564,CA
92567,CA
92570,CA
92571,CA
92572,CA
92581,CA
92582,CA
92583,CA
92584,CA
92585,CA
92586,CA
92587,CA
92589,CA
92590,CA
92591,CA
92592,CA
92593,CA
92595,CA
92596,CA
92599,CA
92602,CA
92603,CA
92604,CA
92605,CA
92606,CA
92607,CA
92609,CA
92610,CA
92612,CA
92614,CA
92615,CA
92616,CA
92617,CA
92618,CA
92619,CA
92620,CA
92623,CA
92624,CA
92625,CA
92626,CA
92627,CA
92628,CA
92629,CA
92630,CA
92637,CA
92646,CA
92647,CA
92648,CA
92649,CA
92650,CA
92651,CA
92652,CA
92653,CA
92654,CA
92655,CA
92656,CA
92657,CA
92658,CA
92659,CA
92660,CA
92661,CA
92662,CA
92663,CA
92672,CA
92673,CA
92674,CA
92675,CA
92676,CA
92677,CA
92678,CA
92679,CA
92683,CA
92684,CA
92685,CA
92688,CA
92690,CA
92691,CA
92692,CA
92693,CA
92694,CA
92697,CA
92698,CA
92701,CA
92702,CA
92703,CA
92704,CA
92705,CA
92706,CA
92707,CA
92708,CA
92711,CA
92712,CA
92725,CA
92728,CA
92735,CA
92780,CA
92781,CA
92782,CA
92799,CA
92801,CA
92802,CA
92803,CA
92804,CA
92805,CA
92806,CA
92807,CA
92808,CA
92809,CA
92811,CA
92812,CA
92814,CA
92815,CA
92816,CA
92817,CA
92821,CA
92822,CA
92823,CA
92825,CA
92831,CA
92832,CA
92833,CA
92834,CA
92835,CA
92836,CA
92837,CA
92838,CA
92840,CA
92841,CA
92842,CA
92843,CA
92844,CA
92845,CA
92846,CA
92850,CA
92856,CA
92857,CA
92859,CA
92860,CA
92861,CA
92862,CA
92863,CA
92864,CA
92865,CA
92866,CA
92867,CA
92868,CA
92869,CA
92870,CA
92871,CA
92877,CA
92878,CA
92879,CA
92880,CA
92881,CA
92882,CA
92883,CA
92885,CA
92886,CA
92887,CA
92899,CA
93001,CA
93002,CA
93003,CA
93004,CA
93005,CA
93006,CA
93007,CA
93009,CA
93010,CA
93011,CA
93012,CA
93013,CA
93014,CA
93015,CA
93016,CA
93020,CA
93021,CA
93022,CA
93023,CA
93024,CA
93030,CA
93031,CA
93032,CA
93033,CA
93034,CA
93035,CA
93036,CA
93040,CA
93041,CA
93042,CA
93043,CA
93044,CA
93060,CA
93061,CA
93062,CA
93063,CA
93064,CA
93065,CA
93066,CA
93067,CA
93094,CA
93099,CA
93101,CA
93102,CA
93103,CA
93105,CA
93106,CA
93107,CA
93108,CA
93109,CA
93110,CA
93111,CA
93116,CA
93117,CA
93118,CA
93120,CA
93121,CA
93130,CA
93140,CA
93150,CA
93160,CA
93190,CA
93199,CA
93201,CA
93202,CA
93203,CA
93204,CA
93205,CA
93206,CA
93207,CA
93208,CA
93210,CA
93212,CA
93215,CA
93216,CA
93218,CA
93219,CA
93220,CA
93221,CA
93222,CA
93223,CA
93224,CA
93225,CA
93226,CA
93227,CA
93230,CA
93232,CA
93234,CA
93235,CA
93237,CA
93238,CA
93239,CA
93240,CA
93241,CA
93242,CA
93243,CA
93244,CA
93245,CA
93246,CA
93247,CA
93249,CA
93250,CA
93251,CA
93252,CA
93254,CA
93255,CA
93256,CA
93257,CA
93258,CA
93260,CA
93261,CA
93262,CA
93263,CA
93265,CA
93266,CA
93267,CA
93268,CA
93270,CA
93271,CA
93272,CA
93274,CA
93275,CA
93276,CA
93277,CA
93278,CA
93279,CA
93280,CA
93282,CA
93283,CA
93285,CA
93286,CA
93287,CA
93290,CA
93291,CA
93292,CA
93301,CA
93302,CA
93303,CA
93304,CA
93305,CA
93306,CA
93307,CA
93308,CA
93309,CA
93311,CA
93312,CA
93313,CA
93314,CA
93380,CA
93383,CA
93384,CA
93385,CA
93386,CA
93387,CA
93388,CA
93389,CA
93390,CA
93401,CA
93402,CA
93403,CA
93405,CA
93406,CA
93407,CA
93408,CA
93409,CA
93410,CA
93412,CA
93420,CA
93421,CA
93422,CA
93423,CA
93424,CA
93426,CA
93427,CA
93428,CA
93429,CA
93430,CA
93432,CA
93433,CA
93434,CA
93435,CA
93436,CA
93437,CA
93438,CA
93440,CA
93441,CA
93442,CA
93443,CA
93444,CA
93445,CA
93446,CA
93447,CA
93448,CA
93449,CA
93450,CA
93451,CA
93452,CA
93453,CA
93454,CA
93455,CA
93456,CA
93457,CA
93458,CA
93460,CA
93461,CA
93463,CA
93464,CA
93465,CA
93475,CA
93483,CA
93501,CA
93502,CA
93504,CA
93505,CA
93510,CA
93512,CA
93513,CA
93514,CA
93515,CA
93516,CA
93517,CA
93518,CA
93519,CA
93522,CA
93523,CA
93524,CA
93526,CA
93527,CA
93528,CA
93529,CA
93530,CA
93531,CA
93532,CA
93534,CA
93535,CA
93536,CA
93539,CA
93541,CA
93542,CA
93543,CA
93544,CA
93545,CA
93546,CA
93549,CA
93550,CA
93551,CA
93552,CA
93553,CA
93554,CA
93555,CA
93556,CA
93558,CA
93560,CA
93561,CA
93562,CA
93563,CA
93581,CA
93584,CA
93586,CA
93590,CA
93591,CA
93592,CA
93596,CA
93599,CA
93601,CA
93602,CA
93603,CA
93604,CA
93605,CA
93606,CA
93607,CA
93608,CA
93609,CA
93610,CA
93611,CA
93612,CA
93613,CA
93614,CA
93615,CA
93616,CA
93618,CA
93619,CA
93620,CA
93621,CA
93622,CA
93623,CA
93624,CA
93625,CA
93626,CA
93627,CA
93628,CA
93630,CA
93631,CA
93633,CA
93634,CA
93635,CA
93636,CA
93637,CA
93638,CA
93639,CA
93640,CA
93641,CA
93642,CA
93643,CA
93644,CA
93645,CA
93646,CA
93647,CA
93648,CA
93649,CA
93650,CA
93651,CA
93652,CA
93653,CA
93654,CA
93656,CA
93657,CA
93660,CA
93661,CA
93662,CA
93664,CA
93665,CA
93666,CA
93667,CA
93668,CA
93669,CA
93670,CA
93673,CA
93675,CA
93701,CA
93702,CA
93703,CA
93704,CA
93705,CA
93706,CA
93707,CA
93708,CA
93709,CA
93710,CA
93711,CA
93712,CA
93714,CA
93715,CA
93716,CA
93717,CA
93718,CA
93720,CA
93721,CA
93722,CA
93723,CA
93724,CA
93725,CA
93726,CA
93727,CA
93728,CA
93729,CA
93730,CA
93740,CA
93741,CA
93744,CA
93745,CA
93747,CA
93750,CA
93755,CA
93760,CA
93761,CA
93764,CA
93765,CA
93771,CA
93772,CA
93773,CA
93774,CA
93775,CA
93776,CA
93777,CA
93778,CA
93779,CA
93780,CA
93784,CA
93786,CA
93790,CA
93791,CA
93792,CA
93793,CA
93794,CA
93844,CA
93888,CA
93901,CA
93902,CA
93905,CA
93906,CA
93907,CA
93908,CA
93912,CA
93915,CA
93920,CA
93921,CA
93922,CA
93923,CA
93924,CA
93925,CA
93926,CA
93927,CA
93928,CA
93930,CA
93932,CA
93933,CA
93940,CA
93942,CA
93943,CA
93944,CA
93950,CA
93953,CA
93954,CA
93955,CA
93960,CA
93962,CA
94002,CA
94005,CA
94010,CA
94011,CA
94013,CA
94014,CA
94015,CA
94016,CA
94017,CA
94018,CA
94019,CA
94020,CA
94021,CA
94022,CA
94023,CA
94024,CA
94025,CA
94026,CA
94027,CA
94028,CA
94030,CA
94035,CA
94037,CA
94038,CA
94039,CA
94040,CA
94041,CA
94042,CA
94043,CA
94044,CA
94060,CA
94061,CA
94062,CA
94063,CA
94064,CA
94065,CA
94066,CA
94070,CA
94074,CA
94080,CA
94083,CA
94085,CA
94086,CA
94087,CA
94088,CA
94089,CA
94101,CA
94102,CA
94103,CA
94104,CA
94105,CA
94107,CA
94108,CA
94109,CA
94110,CA
94111,CA
94112,CA
94114,CA
94115,CA
94116,CA
94117,CA
94118,CA
94119,CA
94120,CA
94121,CA
94122,CA
94123,CA
94124,CA
94125,CA
94126,CA
94127,CA
94128,CA
94129,CA
94130,CA
94131,CA
94132,CA
94133,CA
94134,CA
94137,CA
94139,CA
94140,CA
94141,CA
94142,CA
94143,CA
94144,CA
94145,CA
94146,CA
94147,CA
94151,CA
94153,CA
94154,CA
94156,CA
94158,CA
94159,CA
94160,CA
94161,CA
94162,CA
94163,CA
94164,CA
94171,CA
94172,CA
94177,CA
94188,CA
94199,CA
94203,CA
94204,CA
94205,CA
94206,CA
94207,CA
94208,CA
94209,CA
94211,CA
94229,CA
94230,CA
94232,CA
94234,CA
94235,CA
94236,CA
94237,CA
94239,CA
94240,CA
94244,CA
94245,CA
94246,CA
94247,CA
94248,CA
94249,CA
94250,CA
94252,CA
94254,CA
94256,CA
94257,CA
94258,CA
94259,CA
94261,CA
94262,CA
94263,CA
94267,CA
94268,CA
94269,CA
94271,CA
94273,CA
94274,CA
94277,CA
94278,CA
94279,CA
94280,CA
94282,CA
94283,CA
94284,CA
94285,CA
94286,CA
94287,CA
94288,CA
94289,CA
94290,CA
94291,CA
94293,CA
94294,CA
94295,CA
94296,CA
94297,CA
94298,CA
94299,CA
94301,CA
94302,CA
94303,CA
94304,CA
94305,CA
94306,CA
94309,CA
94401,CA
94402,CA
94403,CA
94404,CA
94497,CA
94501,CA
94502,CA
94503,CA
94505,CA
94506,CA
94507,CA
94508,CA
94509,CA
94510,CA
94511,CA
94512,CA
94513,CA
94514,CA
94515,CA
94516,CA
94517,CA
94518,CA
94519,CA
94520,CA
94521,CA
94522,CA
94523,CA
94524,CA
94525,CA
94526,CA
94527,CA
94528,CA
94529,CA
94530,CA
94531,CA
94533,CA
94534,CA
94535,CA
94536,CA
94537,CA
94538,CA
94539,CA
94540,CA
94541,CA
94542,CA
94543,CA
94544,CA
94545,CA
94546,CA
94547,CA
94548,CA
94549,CA
94550,CA
94551,CA
94552,CA
94553,CA
94555,CA
94556,CA
94557,CA
94558,CA
94559,CA
94560,CA
94561,CA
94562,CA
94563,CA
94564,CA
94565,CA
94566,CA
94567,CA
94568,CA
94569,CA
94570,CA
94571,CA
94572,CA
94573,CA
94574,CA
94575,CA
94576,CA
94577,CA
94578,CA
94579,CA
94580,CA
94581,CA
94582,CA
94583,CA
94585,CA
94586,CA
94587,CA
94588,CA
94589,CA
94590,CA
94591,CA
94592,CA
94595,CA
94596,CA
94597,CA
94598,CA
94599,CA
94601,CA
94602,CA
94603,CA
94604,CA
94605,CA
94606,CA
94607,CA
94608,CA
94609,CA
94610,CA
94611,CA
94612,CA
94613,CA
94614,CA
94615,CA
94617,CA
94618,CA
94619,CA
94620,CA
94621,CA
94622,CA
94623,CA
94624,CA
94649,CA
94659,CA
94660,CA
94661,CA
94662,CA
94666,CA
94701,CA
94702,CA
94703,CA
94704,CA
94705,CA
94706,CA
94707,CA
94708,CA
94709,CA
94710,CA
94712,CA
94720,CA
94801,CA
94802,CA
94803,CA
94804,CA
94805,CA
94806,CA
94807,CA
94808,CA
94820,CA
94850,CA
94901,CA
94903,CA
94904,CA
94912,CA
94913,CA
94914,CA
94915,CA
94920,CA
94922,CA
94923,CA
94924,CA
94925,CA
94926,CA
94927,CA
94928,CA
94929,CA
94930,CA
94931,CA
94933,CA
94937,CA
94938,CA
94939,CA
94940,CA
94941,CA
94942,CA
94945,CA
94946,CA
94947,CA
94948,CA
94949,CA
94950,CA
94951,CA
94952,CA
94953,CA
94954,CA
94955,CA
94956,CA
94957,CA
94960,CA
94963,CA
94964,CA
94965,CA
94966,CA
94970,CA
94971,CA
94972,CA
94973,CA
94974,CA
94975,CA
94976,CA
94977,CA
94978,CA
94979,CA
94998,CA
94999,CA
95001,CA
95002,CA
95003,CA
95004,CA
95005,CA
95006,CA
95007,CA
95008,CA
95009,CA
95010,CA
95011,CA
95012,CA
95013,CA
95014,CA
95015,CA
95017,CA
95018,CA
95019,CA
95020,CA
95021,CA
95023,CA
95024,CA
95026,CA
95030,CA
95031,CA
95032,CA
95033,CA
95035,CA
95036,CA
95037,CA
95038,CA
95039,CA
95041,CA
95042,CA
95043,CA
95044,CA
95045,CA
95046,CA
95050,CA
95051,CA
95052,CA
95053,CA
95054,CA
95055,CA
95056,CA
95060,CA
95061,CA
95062,CA
95063,CA
95064,CA
95065,CA
95066,CA
95067,CA
95070,CA
95071,CA
95073,CA
95075,CA
95076,CA
95077,CA
95101,CA
95103,CA
95106,CA
95108,CA
95109,CA
95110,CA
95111,CA
95112,CA
95113,CA
95115,CA
95116,CA
95117,CA
95118,CA
95119,CA
95120,CA
95121,CA
95122,CA
95123,CA
95124,CA
95125,CA
95126,CA
95127,CA
95128,CA
95129,CA
95130,CA
95131,CA
95132,CA
95133,CA
95134,CA
95135,CA
95136,CA
95138,CA
95139,CA
95140,CA
95141,CA
95148,CA
95150,CA
95151,CA
95152,CA
95153,CA
95154,CA
95155,CA
95156,CA
95157,CA
95158,CA
95159,CA
95160,CA
95161,CA
95164,CA
95170,CA
95172,CA
95173,CA
95190,CA
95191,CA
95192,CA
95193,CA
95194,CA
95196,CA
95201,CA
95202,CA
95203,CA
95204,CA
95205,CA
95206,CA
95207,CA
95208,CA
95209,CA
95210,CA
95211,CA
95212,CA
95213,CA
95215,CA
95219,CA
95220,CA
95221,CA
95222,CA
95223,CA
95224,CA
95225,CA
95226,CA
95227,CA
95228,CA
95229,CA
95230,CA
95231,CA
95232,CA
95233,CA
95234,CA
95236,CA
95237,CA
95240,CA
95241,CA
95242,CA
95245,CA
95246,CA
95247,CA
95248,CA
95249,CA
95250,CA
95251,CA
95252,CA
95253,CA
95254,CA
95255,CA
95257,CA
95258,CA
95267,CA
95269,CA
95296,CA
95297,CA
95301,CA
95303,CA
95304,CA
95305,CA
95306,CA
95307,CA
95309,CA
95310,CA
95311,CA
95312,CA
95313,CA
95314,CA
95315,CA
95316,CA
95317,CA
95318,CA
95319,CA
95320,CA
95321,CA
95322,CA
95323,CA
95324,CA
95325,CA
95326,CA
95327,CA
95328,CA
95329,CA
95330,CA
95333,CA
95334,CA
95335,CA
95336,CA
95337,CA
95338,CA
95340,CA
95341,CA
95343,CA
95344,CA
95345,CA
95346,CA
95347,CA
95348,CA
95350,CA
95351,CA
95352,CA
95353,CA
95354,CA
95355,CA
95356,CA
95357,CA
95358,CA
95360,CA
95361,CA
95363,CA
95364,CA
95365,CA
95366,CA
95367,CA
95368,CA
95369,CA
95370,CA
95372,CA
95373,CA
95374,CA
95375,CA
95376,CA
95377,CA
95378,CA
95379,CA
95380,CA
95381,CA
95382,CA
95383,CA
95385,CA
95386,CA
95387,CA
95388,CA
95389,CA
95391,CA
95397,CA
95401,CA
95402,CA
95403,CA
95404,CA
95405,CA
95406,CA
95407,CA
95409,CA
95410,CA
95412,CA
95415,CA
95416,CA
95417,CA
95418,CA
95419,CA
95420,CA
95421,CA
95422,CA
95423,CA
95424,CA
95425,CA
95426,CA
95427,CA
95428,CA
95429,CA
95430,CA
95431,CA
95432,CA
95433,CA
95435,CA
95436,CA
95437,CA
95439,CA
95441,CA
95442,CA
95443,CA
95444,CA
95445,CA
95446,CA
95448,CA
95449,CA
95450,CA
95451,CA
95452,CA
95453,CA
95454,CA
95456,CA
95457,CA
95458,CA
95459,CA
95460,CA
95461,CA
95462,CA
95463,CA
95464,CA
95465,CA
95466,CA
95467,CA
95468,CA
95469,CA
95470,CA
95471,CA
95472,CA
95473,CA
95476,CA
95480,CA
95481,CA
95482,CA
95485,CA
95486,CA
95487,CA
95488,CA
95490,CA
95492,CA
95493,CA
95494,CA
95497,CA
95501,CA
95502,CA
95503,CA
95511,CA
95514,CA
95518,CA
95519,CA
95521,CA
95524,CA
95525,CA
95526,CA
95527,CA
95528,CA
95531,CA
95532,CA
95534,CA
95536,CA
95537,CA
95538,CA
95540,CA
95542,CA
95543,CA
95545,CA
95546,CA
95547,CA
95548,CA
95549,CA
95550,CA
95551,CA
95552,CA
95553,CA
95554,CA
95555,CA
95556,CA
95558,CA
95559,CA
95560,CA
95562,CA
95563,CA
95564,CA
95565,CA
95567,CA
95568,CA
95569,CA
95570,CA
95571,CA
95573,CA
95585,CA
95587,CA
95589,CA
95595,CA
95601,CA
95602,CA
95603,CA
95604,CA
95605,CA
95606,CA
95607,CA
95608,CA
95609,CA
95610,CA
95611,CA
95612,CA
95613,CA
95614,CA
95615,CA
95616,CA
95617,CA
95618,CA
95619,CA
95620,CA
95621,CA
95623,CA
95624,CA
95625,CA
95626,CA
95627,CA
95628,CA
95629,CA
95630,CA
95631,CA
95632,CA
95633,CA
95634,CA
95635,CA
95636,CA
95637,CA
95638,CA
95639,CA
95640,CA
95641,CA
95642,CA
95644,CA
95645,CA
95646,CA
95648,CA
95650,CA
95651,CA
95652,CA
95653,CA
95654,CA
95655,CA
95656,CA
95658,CA
95659,CA
95660,CA
95661,CA
95662,CA
95663,CA
95664,CA
95665,CA
95666,CA
95667,CA
95668,CA
95669,CA
95670,CA
95671,CA
95672,CA
95673,CA
95674,CA
95675,CA
95676,CA
95677,CA
95678,CA
95679,CA
95680,CA
95681,CA
95682,CA
95683,CA
95684,CA
95685,CA
95686,CA
95687,CA
95688,CA
95689,CA
95690,CA
95691,CA
95692,CA
95693,CA
95694,CA
95695,CA
95696,CA
95697,CA
95698,CA
95699,CA
95701,CA
95703,CA
95709,CA
95712,CA
95713,CA
95714,CA
95715,CA
95717,CA
95720,CA
95721,CA
95722,CA
95724,CA
95726,CA
95728,CA
95735,CA
95736,CA
95741,CA
95742,CA
95746,CA
95747,CA
95757,CA
95758,CA
95759,CA
95762,CA
95763,CA
95765,CA
95776,CA
95798,CA
95799,CA
95811,CA
95812,CA
95813,CA
95814,CA
95815,CA
95816,CA
95817,CA
95818,CA
95819,CA
95820,CA
95821,CA
95822,CA
95823,CA
95824,CA
95825,CA
95826,CA
95827,CA
95828,CA
95829,CA
95830,CA
95831,CA
95832,CA
95833,CA
95834,CA
95835,CA
95836,CA
95837,CA
95838,CA
95840,CA
95841,CA
95842,CA
95843,CA
95851,CA
95852,CA
95853,CA
95860,CA
95864,CA
95865,CA
95866,CA
95867,CA
95887,CA
95894,CA
95899,CA
95901,CA
95903,CA
95910,CA
95912,CA
95913,CA
95914,CA
95915,CA
95916,CA
95917,CA
95918,CA
95919,CA
95920,CA
95922,CA
95923,CA
95924,CA
95925,CA
95926,CA
95927,CA
95928,CA
95929,CA
95930,CA
95932,CA
95934,CA
95935,CA
95936,CA
95937,CA
95938,CA
95939,CA
95940,CA
95941,CA
95942,CA
95943,CA
95944,CA
95945,CA
95946,CA
95947,CA
95948,CA
95949,CA
95950,CA
95951,CA
95953,CA
95954,CA
95955,CA
95956,CA
95957,CA
95958,CA
95959,CA
95960,CA
95961,CA
95962,CA
95963,CA
95965,CA
95966,CA
95967,CA
95968,CA
95969,CA
95970,CA
95971,CA
95972,CA
95973,CA
95974,CA
95975,CA
95976,CA
95977,CA
95978,CA
95979,CA
95980,CA
95981,CA
95982,CA
95983,CA
95984,CA
95986,CA
95987,CA
95988,CA
95991,CA
95992,CA
95993,CA
96001,CA
96002,CA
96003,CA
96006,CA
96007,CA
96008,CA
96009,CA
96010,CA
96011,CA
96013,CA
96014,CA
96015,CA
96016,CA
96017,CA
96019,CA
96020,CA
96021,CA
96022,CA
96023,CA
96024,CA
96025,CA
96027,CA
96028,CA
96029,CA
96031,CA
96032,CA
96033,CA
96034,CA
96035,CA
96037,CA
96038,CA
96039,CA
96040,CA
96041,CA
96044,CA
96046,CA
96047,CA
96048,CA
96049,CA
96050,CA
96051,CA
96052,CA
96054,CA
96055,CA
96056,CA
96057,CA
96058,CA
96059,CA
96061,CA
96062,CA
96063,CA
96064,CA
96065,CA
96067,CA
96068,CA
96069,CA
96070,CA
96071,CA
96073,CA
96074,CA
96075,CA
96076,CA
96078,CA
96079,CA
96080,CA
96084,CA
96085,CA
96086,CA
96087,CA
96088,CA
96089,CA
96090,CA
96091,CA
96092,CA
96093,CA
96094,CA
96095,CA
96096,CA
96097,CA
96099,CA
96101,CA
96103,CA
96104,CA
96105,CA
96106,CA
96107,CA
96108,CA
96109,CA
96110,CA
96111,CA
96112,CA
96113,CA
96114,CA
96115,CA
96116,CA
96117,CA
96118,CA
96119,CA
96120,CA
96121,CA
96122,CA
96123,CA
96124,CA
96125,CA
96126,CA
96127,CA
96128,CA
96129,CA
96130,CA
96132,CA
96133,CA
96134,CA
96135,CA
96136,CA
96137,CA
96140,CA
96141,CA
96142,CA
96143,CA
96145,CA
96146,CA
96148,CA
96150,CA
96151,CA
96152,CA
96154,CA
96155,CA
96156,CA
96157,CA
96158,CA
96160,CA
96161,CA
96162,CA
80001,CO
80002,CO
80003,CO
80004,CO
80005,CO
80006,CO
80007,CO
80010,CO
80011,CO
80012,CO
80013,CO
80014,CO
80015,CO
80016,CO
80017,CO
80018,CO
80019,CO
80020,CO
80021,CO
80022,CO
80023,CO
80024,CO
80025,CO
80026,CO
80027,CO
80028,CO
80030,CO
80031,CO
80033,CO
80034,CO
80035,CO
80036,CO
80037,CO
80038,CO
80040,CO
80041,CO
80042,CO
80044,CO
80045,CO
80046,CO
80047,CO
80101,CO
80102,CO
80103,CO
80104,CO
80105,CO
80106,CO
80107,CO
80108,CO
80109,CO
80110,CO
80111,CO
80112,CO
80113,CO
80116,CO
80117,CO
80118,CO
80120,CO
80121,CO
80122,CO
80123,CO
80124,CO
80125,CO
80126,CO
80127,CO
80128,CO
80129,CO
80130,CO
80131,CO
80132,CO
80133,CO
80134,CO
80135,CO
80136,CO
80137,CO
80138,CO
80150,CO
80151,CO
80155,CO
80160,CO
80161,CO
80162,CO
80163,CO
80165,CO
80166,CO
80201,CO
80202,CO
80203,CO
80204,CO
80205,CO
80206,CO
80207,CO
80208,CO
80209,CO
80210,CO
80211,CO
80212,CO
80214,CO
80215,CO
80216,CO
80217,CO
80218,CO
80219,CO
80220,CO
80221,CO
80222,CO
80223,CO
80224,CO
80225,CO
80226,CO
80227,CO
80228,CO
80229,CO
80230,CO
80231,CO
80232,CO
80233,CO
80234,CO
80235,CO
80236,CO
80237,CO
80238,CO
80239,CO
80241,CO
80243,CO
80244,CO
80246,CO
80247,CO
80248,CO
80249,CO
80250,CO
80251,CO
80252,CO
80256,CO
80257,CO
80259,CO
80260,CO
80261,CO
80262,CO
80263,CO
80264,CO
80265,CO
80266,CO
80271,CO
80273,CO
80274,CO
80279,CO
80280,CO
80281,CO
80290,CO
80291,CO
80293,CO
80294,CO
80295,CO
80299,CO
80301,CO
80302,CO
80303,CO
80304,CO
80305,CO
80306,CO
80307,CO
80308,CO
80309,CO
80310,CO
80314,CO
80321,CO
80322,CO
80323,CO
80328,CO
80329,CO
80401,CO
80402,CO
80403,CO
80419,CO
80420,CO
80421,CO
80422,CO
80423,CO
80424,CO
80425,CO
80426,CO
80427,CO
80428,CO
80429,CO
80430,CO
80432,CO
80433,CO
80434,CO
80435,CO
80436,CO
80437,CO
80438,CO
80439,CO
80440,CO
80442,CO
80443,CO
80444,CO
80446,CO
80447,CO
80448,CO
80449,CO
80451,CO
80452,CO
80453,CO
80454,CO
80455,CO
80456,CO
80457,CO
80459,CO
80461,CO
80463,CO
80465,CO
80466,CO
80467,CO
80468,CO
80469,CO
80470,CO
80471,CO
80473,CO
80474,CO
80475,CO
80476,CO
80477,CO
80478,CO
80479,CO
80480,CO
80481,CO
80482,CO
80483,CO
80487,CO
80488,CO
80497,CO
80498,CO
80501,CO
80502,CO
80503,CO
80504,CO
80510,CO
80511,CO
80512,CO
80513,CO
80514,CO
80515,CO
80516,CO
80517,CO
80520,CO
80521,CO
80522,CO
80523,CO
80524,CO
80525,CO
80526,CO
80527,CO
80528,CO
80530,CO
80532,CO
80533,CO
80534,CO
80535,CO
80536,CO
80537,CO
80538,CO
80539,CO
80540,CO
80541,CO
80542,CO
80543,CO
80544,CO
80545,CO
80546,CO
80547,CO
80549,CO
80550,CO
80551,CO
80553,CO
80601,CO
80602,CO
80603,CO
80610,CO
80611,CO
80612,CO
80614,CO
80615,CO
80620,CO
80621,CO
80622,CO
80623,CO
80624,CO
80631,CO
80632,CO
80633,CO
80634,CO
80638,CO
80639,CO
80640,CO
80642,CO
80643,CO
80644,CO
80645,CO
80646,CO
80648,CO
80649,CO
80650,CO
80651,CO
80652,CO
80653,CO
80654,CO
80701,CO
80705,CO
80720,CO
80721,CO
80722,CO
80723,CO
80726,CO
80727,CO
80728,CO
80729,CO
80731,CO
80732,CO
80733,CO
80734,CO
80735,CO
80736,CO
80737,CO
80740,CO
80741,CO
80742,CO
80743,CO
80744,CO
80745,CO
80746,CO
80747,CO
80749,CO
80750,CO
80751,CO
80754,CO
80755,CO
80757,CO
80758,CO
80759,CO
80801,CO
80802,CO
80804,CO
80805,CO
80807,CO
80808,CO
80809,CO
80810,CO
80812,CO
80813,CO
80814,CO
80815,CO
80816,CO
80817,CO
80818,CO
80819,CO
80820,CO
80821,CO
80822,CO
80823,CO
80824,CO
80825,CO
80826,CO
80827,CO
80828,CO
80829,CO
80830,CO
80831,CO
80832,CO
80833,CO
80834,CO
80835,CO
80836,CO
80840,CO
80841,CO
80860,CO
80861,CO
80862,CO
80863,CO
80864,CO
80866,CO
80901,CO
80902,CO
80903,CO
80904,CO
80905,CO
80906,CO
80907,CO
80908,CO
80909,CO
80910,CO
80911,CO
80912,CO
80913,CO
80914,CO
80915,CO
80916,CO
80917,CO
80918,CO
80919,CO
80920,CO
80921,CO
80922,CO
80923,CO
80924,CO
80925,CO
80926,CO
80927,CO
80928,CO
80929,CO
80930,CO
80931,CO
80932,CO
80933,CO
80934,CO
80935,CO
80936,CO
80937,CO
80938,CO
80939,CO
80940,CO
80941,CO
80942,CO
80943,CO
80944,CO
80945,CO
80946,CO
80947,CO
80949,CO
80950,CO
80951,CO
80960,CO
80962,CO
80970,CO
80977,CO
80995,CO
80997,CO
81001,CO
81002,CO
81003,CO
81004,CO
81005,CO
81006,CO
81007,CO
81008,CO
81009,CO
81010,CO
81011,CO
81012,CO
81019,CO
81020,CO
81021,CO
81022,CO
81023,CO
81024,CO
81025,CO
81027,CO
81029,CO
81030,CO
81033,CO
81034,CO
81036,CO
81038,CO
81039,CO
81040,CO
81041,CO
81043,CO
81044,CO
81045,CO
81046,CO
81047,CO
81049,CO
81050,CO
81052,CO
81054,CO
81055,CO
81057,CO
81058,CO
81059,CO
81062,CO
81063,CO
81064,CO
81067,CO
81069,CO
81071,CO
81073,CO
81076,CO
81077,CO
81081,CO
81082,CO
81084,CO
81087,CO
81089,CO
81090,CO
81091,CO
81092,CO
81101,CO
81102,CO
81120,CO
81121,CO
81122,CO
81123,CO
81124,CO
81125,CO
81126,CO
81127,CO
81128,CO
81129,CO
81130,CO
81131,CO
81132,CO
81133,CO
81135,CO
81136,CO
81137,CO
81138,CO
81140,CO
81141,CO
81143,CO
81144,CO
81146,CO
81147,CO
81148,CO
81149,CO
81151,CO
81152,CO
81154,CO
81155,CO
81157,CO
81201,CO
81210,CO
81211,CO
81212,CO
81215,CO
81220,CO
81221,CO
81222,CO
81223,CO
81224,CO
81225,CO
81226,CO
81227,CO
81228,CO
81230,CO
81231,CO
81232,CO
81233,CO
81235,CO
81236,CO
81237,CO
81239,CO
81240,CO
81241,CO
81242,CO
81243,CO
81244,CO
81247,CO
81248,CO
81251,CO
81252,CO
81253,CO
81290,CO
81301,CO
81302,CO
81303,CO
81320,CO
81321,CO
81323,CO
81324,CO
81325,CO
81326,CO
81327,CO
81328,CO
81329,CO
81330,CO
81331,CO
81332,CO
81334,CO
81335,CO
81401,CO
81402,CO
81403,CO
81410,CO
81411,CO
81413,CO
81414,CO
81415,CO
81416,CO
81418,CO
81419,CO
81420,CO
81422,CO
81423,CO
81424,CO
81425,CO
81426,CO
81427,CO
81428,CO
81429,CO
81430,CO
81431,CO
81432,CO
81433,CO
81434,CO
81435,CO
81501,CO
81502,CO
81503,CO
81504,CO
81505,CO
81506,CO
81507,CO
81520,CO
81521,CO
81522,CO
81523,CO
81524,CO
81525,CO
81526,CO
81527,CO
81601,CO
81602,CO
81610,CO
81611,CO
81612,CO
81615,CO
81620,CO
81621,CO
81623,CO
81624,CO
81625,CO
81626,CO
81630,CO
81631,CO
81632,CO
81633,CO
81635,CO
81636,CO
81637,CO
81638,CO
81639,CO
81640,CO
81641,CO
81642,CO
81643,CO
81645,CO
81646,CO
81647,CO
81648,CO
81649,CO
81650,CO
81652,CO
81653,CO
81654,CO
81655,CO
81656,CO
81657,CO
81658,CO
